ticket_ids,claim
2538,legacy_10044664
2539,legacy_10044090
2540,legacy_10044671
2541,legacy_10045388
2542,legacy_10045185
2543,legacy_10044838
2544,legacy_10044338
2545,legacy_10044675
2546,legacy_10043902
2547,legacy_10045194
2548,legacy_10044060
2549,legacy_10043993
2550,legacy_10044660
2551,legacy_10044692
2552,legacy_10045366
2553,legacy_10044445
2554,legacy_10044368
2555,legacy_10044459
2556,legacy_10044774
2557,legacy_10044670
2558,legacy_10044729
2559,legacy_10045194
2560,legacy_10045456
2561,legacy_10044221
2562,legacy_10044599
2563,legacy_10044333
2564,legacy_10044665
2565,legacy_10045365
2566,legacy_10044777
2567,legacy_10044368
2568,legacy_10044217
2569,legacy_10043479
2570,legacy_10045366
2571,legacy_10044666
2572,legacy_10045194
2573,legacy_10045366
2574,legacy_10043989
2575,legacy_10044599
2576,legacy_10044000
2577,legacy_10044336
2578,legacy_10044777
2579,legacy_10044406
2580,legacy_10041300
2581,legacy_10044775
2582,legacy_10044368
2583,legacy_10044407
2584,legacy_10044668
2585,legacy_10044657
2586,legacy_10044459
2587,legacy_10045188
2588,legacy_10043903
2589,legacy_10044070
2590,legacy_10045605
2591,legacy_10044337
2592,legacy_10044758
2593,legacy_10045188
2594,legacy_10044675
2595,legacy_10044368
2596,legacy_10044599
2597,legacy_10044407
2598,legacy_10044406
2599,legacy_10044326
2600,legacy_10044384
2601,legacy_10044667
2602,legacy_10044599
2603,legacy_10045458
2604,legacy_10044752
2605,legacy_10043969
2606,legacy_10043904
2607,legacy_10045458
2608,legacy_war015315
2609,legacy_war015357
2610,legacy_war015356
2611,legacy_war015332
2612,legacy_10044862
2613,legacy_96262
2614,legacy_715323
2615,legacy_96270
2616,legacy_10045505
2617,legacy_war015337
2618,legacy_96296
2619,legacy_96255
2620,legacy_10044761
2621,legacy_war015333
2622,legacy_96253
2623,legacy_war015346
2624,legacy_10045216
2625,legacy_715328
2626,legacy_96269
2627,legacy_war015339
2628,legacy_96303
2629,legacy_96256
2630,legacy_96254
2631,legacy_96264
2632,legacy_10044446
2633,legacy_war015352
2634,legacy_96277
2635,legacy_10045537
2636,legacy_war015355
2637,legacy_96358
2638,legacy_96284
2639,legacy_96258
2640,legacy_war015318
2641,legacy_96279
2642,legacy_10044177
2643,legacy_war015351
2644,legacy_715327
2645,legacy_96263
2646,legacy_war015341
2647,legacy_96292
2648,legacy_10041648
2649,legacy_96274
2650,legacy_war015319
2651,legacy_war015334
2652,legacy_10043221
2653,legacy_war015353
2654,legacy_715322
2655,legacy_96252
2656,legacy_war015368
2657,legacy_war015336
2658,legacy_10045396
2659,legacy_715433
2660,legacy_96280
2661,legacy_96273
2662,legacy_war015349
2663,legacy_10044380
2664,legacy_96276
2665,legacy_96266
2666,legacy_96290
2667,legacy_war015344
2668,legacy_96624
2669,legacy_10045485
2670,legacy_96265
2671,legacy_96268
2672,legacy_war015350
2673,legacy_96272
2674,legacy_10044731
2675,legacy_96257
2676,legacy_war015369
2677,legacy_war015343
2678,legacy_96259
2679,legacy_war015314
2680,legacy_10041648
2681,legacy_war015348
2682,legacy_96271
2683,legacy_96260
2684,legacy_96281
2685,legacy_96289
2686,legacy_10044859
2687,legacy_war015342
2688,legacy_war015316
2689,legacy_96267
2690,legacy_10044863
2691,legacy_war015347
2692,legacy_96261
2693,legacy_96282
2694,legacy_96278
2695,legacy_war015370
2696,legacy_war015317
2697,legacy_war015340
2698,legacy_war015320
2699,legacy_war015345
2700,legacy_10044683
2701,legacy_715329
2702,legacy_10045155
2703,legacy_96283
2704,legacy_war015338
2705,legacy_10045485
2706,legacy_10044362
2707,legacy_96275
2708,legacy_96301
2709,legacy_96320
2710,legacy_war015416
2711,legacy_96377
2712,legacy_war015360
2713,legacy_war015398
2714,legacy_96347
2715,legacy_war015410
2716,legacy_96327
2717,legacy_96295
2718,legacy_96305
2719,legacy_war015390
2720,legacy_war015379
2721,legacy_96338
2722,legacy_96309
2723,legacy_96372
2724,legacy_96286
2725,legacy_96345
2726,legacy_96287
2727,legacy_war015418
2728,legacy_war015405
2729,legacy_96308
2730,legacy_war015407
2731,legacy_96337
2732,legacy_war015358
2733,legacy_96378
2734,legacy_war015388
2735,legacy_96344
2736,legacy_war015399
2737,legacy_96354
2738,legacy_96288
2739,legacy_96311
2740,legacy_war015380
2741,legacy_96316
2742,legacy_war015411
2743,legacy_96334
2744,legacy_war015372
2745,legacy_war015363
2746,legacy_96360
2747,legacy_war015387
2748,legacy_96359
2749,legacy_96353
2750,legacy_96302
2751,legacy_715381
2752,legacy_war015376
2753,legacy_96310
2754,legacy_96306
2755,legacy_war015409
2756,legacy_96331
2757,legacy_war015366
2758,legacy_war015373
2759,legacy_96373
2760,legacy_96339
2761,legacy_96356
2762,legacy_96294
2763,legacy_96346
2764,legacy_war015403
2765,legacy_96323
2766,legacy_96340
2767,legacy_war015406
2768,legacy_96315
2769,legacy_96333
2770,legacy_war015362
2771,legacy_96321
2772,legacy_war015386
2773,legacy_96348
2774,legacy_96298
2775,legacy_war015375
2776,legacy_96352
2777,legacy_96304
2778,legacy_715382
2779,legacy_war015384
2780,legacy_96325
2781,legacy_96379
2782,legacy_war015408
2783,legacy_war015367
2784,legacy_war015415
2785,legacy_96293
2786,legacy_96329
2787,legacy_96291
2788,legacy_war015417
2789,legacy_96349
2790,legacy_96312
2791,legacy_war015391
2792,legacy_96326
2793,legacy_96332
2794,legacy_war015412
2795,legacy_96376
2796,legacy_war015385
2797,legacy_96357
2798,legacy_96330
2799,legacy_96297
2800,legacy_war015402
2801,legacy_96300
2802,legacy_96351
2803,legacy_96307
2804,legacy_war015383
2805,legacy_96336
2806,legacy_96364
2807,legacy_96342
2808,legacy_96355
2809,legacy_war015365
2810,legacy_96368
2811,legacy_war015392
2812,legacy_war015377
2813,legacy_96299
2814,legacy_96350
2815,legacy_96285
2816,legacy_96313
2817,legacy_96317
2818,legacy_96335
2819,legacy_715361
2820,legacy_war015413
2821,legacy_war015374
2822,legacy_war015359
2823,legacy_96324
2824,legacy_96375
2825,legacy_96343
2826,legacy_war015371
2827,legacy_96318
2828,legacy_96341
2829,legacy_war015414
2830,legacy_war015364
2831,legacy_war015389
2832,legacy_war015400
2833,legacy_96374
2834,legacy_96322
2835,legacy_96314
2836,legacy_96328
2837,legacy_96319
2838,legacy_96440
2839,legacy_96401
2840,legacy_96389
2841,legacy_96386
2842,legacy_96418
2843,legacy_war015435
2844,legacy_96370
2845,legacy_96423
2846,legacy_96422
2847,legacy_96425
2848,legacy_war015466
2849,legacy_96444
2850,legacy_96443
2851,legacy_96400
2852,legacy_96382
2853,legacy_96369
2854,legacy_96383
2855,legacy_96436
2856,legacy_96405
2857,legacy_96409
2858,legacy_war015452
2859,legacy_war015440
2860,legacy_715460
2861,legacy_96426
2862,legacy_96442
2863,legacy_96371
2864,legacy_96395
2865,legacy_war015448
2866,legacy_96446
2867,legacy_96392
2868,legacy_96434
2869,legacy_war015464
2870,legacy_war015434
2871,legacy_96447
2872,legacy_96398
2873,legacy_96411
2874,legacy_war015462
2875,legacy_96388
2876,legacy_96366
2877,legacy_war015497
2878,legacy_96402
2879,legacy_96438
2880,legacy_war015453
2881,legacy_96424
2882,legacy_war015454
2883,legacy_96393
2884,legacy_96427
2885,legacy_war015458
2886,legacy_96381
2887,legacy_war015467
2888,legacy_war015485
2889,legacy_96361
2890,legacy_96404
2891,legacy_96437
2892,legacy_war015469
2893,legacy_96529
2894,legacy_war015443
2895,legacy_96415
2896,legacy_war015430
2897,legacy_96394
2898,legacy_96441
2899,legacy_96445
2900,legacy_96406
2901,legacy_96362
2902,legacy_96419
2903,legacy_war015447
2904,legacy_96410
2905,legacy_715439
2906,legacy_war015437
2907,legacy_war015424
2908,legacy_96416
2909,legacy_war015474
2910,legacy_96448
2911,legacy_96429
2912,legacy_96420
2913,legacy_96365
2914,legacy_96397
2915,legacy_715470
2916,legacy_96428
2917,legacy_96380
2918,legacy_war015436
2919,legacy_96439
2920,legacy_war015426
2921,legacy_96417
2922,legacy_96396
2923,legacy_96399
2924,legacy_96433
2925,legacy_715468
2926,legacy_96431
2927,legacy_96390
2928,legacy_715465
2929,legacy_war015444
2930,legacy_war015493
2931,legacy_war015427
2932,legacy_96391
2933,legacy_96412
2934,legacy_96430
2935,legacy_war015451
2936,legacy_96407
2937,legacy_96421
2938,legacy_96384
2939,legacy_war015445
2940,legacy_war015500
2941,legacy_war015446
2942,legacy_96435
2943,legacy_war015431
2944,legacy_war015457
2945,legacy_96408
2946,legacy_715438
2947,legacy_96414
2948,legacy_96367
2949,legacy_war015450
2950,legacy_96385
2951,legacy_war015441
2952,legacy_96403
2953,legacy_96387
2954,legacy_96363
2955,legacy_war015463
2956,legacy_96432
2957,legacy_96413
2958,legacy_96501
2959,legacy_96494
2960,legacy_96497
2961,legacy_96485
2962,legacy_war015476
2963,legacy_war015533
2964,legacy_715501
2965,legacy_war015486
2966,legacy_715459
2967,legacy_96473
2968,legacy_96455
2969,legacy_96514
2970,legacy_war015520
2971,legacy_war015544
2972,legacy_96500
2973,legacy_war015478
2974,legacy_96498
2975,legacy_96495
2976,legacy_96481
2977,legacy_war015538
2978,legacy_war015518
2979,legacy_96475
2980,legacy_96451
2981,legacy_96453
2982,legacy_96472
2983,legacy_96516
2984,legacy_96503
2985,legacy_war015475
2986,legacy_96512
2987,legacy_war015536
2988,legacy_96483
2989,legacy_715532
2990,legacy_war015528
2991,legacy_war015510
2992,legacy_715492
2993,legacy_war015513
2994,legacy_96459
2995,legacy_war015483
2996,legacy_96469
2997,legacy_96520
2998,legacy_96507
2999,legacy_96505
3000,legacy_96491
3001,legacy_war015477
3002,legacy_war015541
3003,legacy_96482
3004,legacy_war015531
3005,legacy_96476
3006,legacy_war015519
3007,legacy_war015506
3008,legacy_96460
3009,legacy_war015481
3010,legacy_96517
3011,legacy_96471
3012,legacy_96506
3013,legacy_96509
3014,legacy_war015473
3015,legacy_war015535
3016,legacy_war015543
3017,legacy_96462
3018,legacy_715494
3019,legacy_715502
3020,legacy_war015505
3021,legacy_96456
3022,legacy_96450
3023,legacy_war015550
3024,legacy_96479
3025,legacy_96465
3026,legacy_96492
3027,legacy_war015548
3028,legacy_96508
3029,legacy_96461
3030,legacy_war015542
3031,legacy_715455
3032,legacy_war015516
3033,legacy_war015449
3034,legacy_war015514
3035,legacy_war015529
3036,legacy_96515
3037,legacy_96466
3038,legacy_96449
3039,legacy_96487
3040,legacy_war015551
3041,legacy_96489
3042,legacy_96496
3043,legacy_96454
3044,legacy_war015521
3045,legacy_war015545
3046,legacy_war015503
3047,legacy_war015480
3048,legacy_war015511
3049,legacy_war015530
3050,legacy_96513
3051,legacy_96474
3052,legacy_war015482
3053,legacy_96477
3054,legacy_96510
3055,legacy_war015552
3056,legacy_96488
3057,legacy_96458
3058,legacy_war015522
3059,legacy_war015546
3060,legacy_war015471
3061,legacy_war015507
3062,legacy_96478
3063,legacy_715472
3064,legacy_96467
3065,legacy_96463
3066,legacy_96526
3067,legacy_96480
3068,legacy_96504
3069,legacy_war015547
3070,legacy_96452
3071,legacy_96493
3072,legacy_war015523
3073,legacy_war015509
3074,legacy_war015442
3075,legacy_96511
3076,legacy_war015534
3077,legacy_715456
3078,legacy_96468
3079,legacy_war015499
3080,legacy_war015515
3081,legacy_96499
3082,legacy_96519
3083,legacy_war015517
3084,legacy_96502
3085,legacy_96457
3086,legacy_war015508
3087,legacy_96490
3088,legacy_war015479
3089,legacy_war015539
3090,legacy_96484
3091,legacy_96464
3092,legacy_96470
3093,legacy_war015484
3094,legacy_war015504
3095,legacy_96486
3096,legacy_war015549
3097,legacy_715537
3098,legacy_96527
3099,legacy_715579
3100,legacy_10046270
3101,legacy_96543
3102,legacy_war015568
3103,legacy_96581
3104,legacy_96558
3105,legacy_96537
3106,legacy_96578
3107,legacy_10047029
3108,legacy_10047024
3109,legacy_715563
3110,legacy_10045705
3111,legacy_96554
3112,legacy_10044925
3113,legacy_war015554
3114,legacy_10047528
3115,legacy_96544
3116,legacy_war015587
3117,legacy_96574
3118,legacy_96556
3119,legacy_96553
3120,legacy_96541
3121,legacy_10045704
3122,legacy_10046407
3123,legacy_10046704
3124,legacy_96567
3125,legacy_10046567
3126,legacy_10045704
3127,legacy_96528
3128,legacy_10047527
3129,legacy_war015580
3130,legacy_96542
3131,legacy_war015573
3132,legacy_war015585
3133,legacy_715584
3134,legacy_96547
3135,legacy_96545
3136,legacy_96582
3137,legacy_10045793
3138,legacy_10045939
3139,legacy_10045793
3140,legacy_96524
3141,legacy_war015595
3142,legacy_10047472
3143,legacy_96534
3144,legacy_10046460
3145,legacy_war015562
3146,legacy_war015581
3147,legacy_96548
3148,legacy_96552
3149,legacy_war015597
3150,legacy_96546
3151,legacy_96577
3152,legacy_10046704
3153,legacy_96523
3154,legacy_10046373
3155,legacy_715596
3156,legacy_war015564
3157,legacy_715559
3158,legacy_10046192
3159,legacy_10046596
3160,legacy_96580
3161,legacy_10047078
3162,legacy_96550
3163,legacy_715575
3164,legacy_96536
3165,legacy_war015594
3166,legacy_96521
3167,legacy_96564
3168,legacy_10045890
3169,legacy_10046066
3170,legacy_96557
3171,legacy_war015592
3172,legacy_715524
3173,legacy_10047473
3174,legacy_96565
3175,legacy_96562
3176,legacy_10045705
3177,legacy_715576
3178,legacy_96522
3179,legacy_10045704
3180,legacy_war015588
3181,legacy_10046407
3182,legacy_war015571
3183,legacy_96569
3184,legacy_96533
3185,legacy_war015589
3186,legacy_10045932
3187,legacy_96540
3188,legacy_10046063
3189,legacy_96573
3190,legacy_96559
3191,legacy_10046460
3192,legacy_war015553
3193,legacy_war015583
3194,legacy_10046410
3195,legacy_war015572
3196,legacy_96532
3197,legacy_96568
3198,legacy_10046839
3199,legacy_war015591
3200,legacy_715578
3201,legacy_10046727
3202,legacy_96538
3203,legacy_10045762
3204,legacy_96571
3205,legacy_96551
3206,legacy_96525
3207,legacy_96555
3208,legacy_10046245
3209,legacy_715558
3210,legacy_10046116
3211,legacy_715577
3212,legacy_war015593
3213,legacy_96566
3214,legacy_10047473
3215,legacy_10045696
3216,legacy_96570
3217,legacy_96531
3218,legacy_96575
3219,legacy_10047420
3220,legacy_96518
3221,legacy_96560
3222,legacy_10046407
3223,legacy_96549
3224,legacy_715560
3225,legacy_96563
3226,legacy_10046111
3227,legacy_96576
3228,legacy_96572
3229,legacy_96583
3230,legacy_96530
3231,legacy_96561
3232,legacy_10045935
3233,legacy_10047528
3234,legacy_10046889
3235,legacy_10044089
3236,legacy_96535
3237,legacy_10045704
3238,legacy_war015582
3239,legacy_10045718
3240,legacy_war015590
3241,legacy_96539
3242,legacy_96579
3243,legacy_10045912
3244,legacy_10045793
3245,legacy_715574
3246,legacy_10045718
3247,legacy_10046704
3248,legacy_10045793
3249,legacy_war015610
3250,legacy_10047637
3251,legacy_96594
3252,legacy_96641
3253,legacy_96602
3254,legacy_10047116
3255,legacy_10045559
3256,legacy_10046762
3257,legacy_war015617
3258,legacy_96599
3259,legacy_war015621
3260,legacy_war015599
3261,legacy_96621
3262,legacy_10046261
3263,legacy_96633
3264,legacy_10046461
3265,legacy_war015652
3266,legacy_war015664
3267,legacy_96593
3268,legacy_war015635
3269,legacy_war015609
3270,legacy_war015646
3271,legacy_10046686
3272,legacy_war015614
3273,legacy_10046704
3274,legacy_96615
3275,legacy_96592
3276,legacy_10046762
3277,legacy_96647
3278,legacy_10045545
3279,legacy_war015603
3280,legacy_96597
3281,legacy_war015631
3282,legacy_10046262
3283,legacy_war015611
3284,legacy_war015653
3285,legacy_10046808
3286,legacy_96612
3287,legacy_96632
3288,legacy_war015629
3289,legacy_10046704
3290,legacy_war015669
3291,legacy_10047507
3292,legacy_96586
3293,legacy_war015602
3294,legacy_96631
3295,legacy_10046205
3296,legacy_96644
3297,legacy_war015618
3298,legacy_10046809
3299,legacy_war015630
3300,legacy_10045632
3301,legacy_96605
3302,legacy_715634
3303,legacy_10047079
3304,legacy_96600
3305,legacy_war015625
3306,legacy_war015666
3307,legacy_96596
3308,legacy_10046655
3309,legacy_96584
3310,legacy_96634
3311,legacy_96648
3312,legacy_96630
3313,legacy_10047568
3314,legacy_war015604
3315,legacy_war015607
3316,legacy_war015612
3317,legacy_10045713
3318,legacy_10047081
3319,legacy_96616
3320,legacy_war015654
3321,legacy_10046704
3322,legacy_war015623
3323,legacy_96614
3324,legacy_war015667
3325,legacy_96650
3326,legacy_96595
3327,legacy_96626
3328,legacy_10046704
3329,legacy_war015632
3330,legacy_96618
3331,legacy_10047307
3332,legacy_war015619
3333,legacy_war015639
3334,legacy_10045545
3335,legacy_96619
3336,legacy_10045786
3337,legacy_war015651
3338,legacy_10047332
3339,legacy_96643
3340,legacy_10045741
3341,legacy_war015620
3342,legacy_96588
3343,legacy_war015656
3344,legacy_96613
3345,legacy_96628
3346,legacy_war015600
3347,legacy_96590
3348,legacy_96620
3349,legacy_10045983
3350,legacy_10046857
3351,legacy_war015608
3352,legacy_96649
3353,legacy_war015615
3354,legacy_war015645
3355,legacy_10046793
3356,legacy_96587
3357,legacy_war015628
3358,legacy_10046461
3359,legacy_96646
3360,legacy_96617
3361,legacy_war015605
3362,legacy_96623
3363,legacy_96622
3364,legacy_10042617
3365,legacy_war015637
3366,legacy_10046704
3367,legacy_10047597
3368,legacy_96610
3369,legacy_96640
3370,legacy_10046958
3371,legacy_war015616
3372,legacy_10045559
3373,legacy_96589
3374,legacy_war015649
3375,legacy_war015624
3376,legacy_war015665
3377,legacy_10046364
3378,legacy_96603
3379,legacy_96604
3380,legacy_war015638
3381,legacy_96627
3382,legacy_10047471
3383,legacy_96636
3384,legacy_96598
3385,legacy_96639
3386,legacy_10046704
3387,legacy_96607
3388,legacy_96591
3389,legacy_war015613
3390,legacy_10046704
3391,legacy_10045793
3392,legacy_war015626
3393,legacy_war015650
3394,legacy_96642
3395,legacy_war015641
3396,legacy_96601
3397,legacy_war015601
3398,legacy_10045536
3399,legacy_96638
3400,legacy_10046243
3401,legacy_96645
3402,legacy_10047429
3403,legacy_96606
3404,legacy_10046618
3405,legacy_96625
3406,legacy_war015622
3407,legacy_10047341
3408,legacy_war015648
3409,legacy_war015640
3410,legacy_war015598
3411,legacy_10046409
3412,legacy_96609
3413,legacy_96629
3414,legacy_96585
3415,legacy_96608
3416,legacy_10046704
3417,legacy_war015627
3418,legacy_96635
3419,legacy_war015642
3420,legacy_war015647
3421,legacy_10047089
3422,legacy_96637
3423,legacy_10045741
3424,legacy_war015636
3425,legacy_war015644
3426,legacy_10047342
3427,legacy_96611
3428,legacy_war015718
3429,legacy_96717
3430,legacy_96700
3431,legacy_96671
3432,legacy_96725
3433,legacy_war015732
3434,legacy_96659
3435,legacy_96752
3436,legacy_96699
3437,legacy_96704
3438,legacy_96673
3439,legacy_war015655
3440,legacy_war015686
3441,legacy_96707
3442,legacy_96750
3443,legacy_96746
3444,legacy_war015730
3445,legacy_war015715
3446,legacy_96668
3447,legacy_96719
3448,legacy_96689
3449,legacy_96743
3450,legacy_96661
3451,legacy_96695
3452,legacy_715689
3453,legacy_war015662
3454,legacy_96667
3455,legacy_war015682
3456,legacy_war015729
3457,legacy_war015720
3458,legacy_war015740
3459,legacy_96715
3460,legacy_96718
3461,legacy_96748
3462,legacy_96670
3463,legacy_war015709
3464,legacy_96720
3465,legacy_96728
3466,legacy_96658
3467,legacy_96687
3468,legacy_war015738
3469,legacy_war015668
3470,legacy_war015681
3471,legacy_96664
3472,legacy_96705
3473,legacy_war015731
3474,legacy_96738
3475,legacy_715701
3476,legacy_96711
3477,legacy_96747
3478,legacy_96663
3479,legacy_96655
3480,legacy_96672
3481,legacy_war015735
3482,legacy_96733
3483,legacy_96688
3484,legacy_war015659
3485,legacy_96742
3486,legacy_96682
3487,legacy_war015683
3488,legacy_96737
3489,legacy_96697
3490,legacy_war015723
3491,legacy_96740
3492,legacy_715716
3493,legacy_war015684
3494,legacy_96684
3495,legacy_96698
3496,legacy_war015710
3497,legacy_96730
3498,legacy_war015661
3499,legacy_96708
3500,legacy_715739
3501,legacy_war015685
3502,legacy_96665
3503,legacy_96727
3504,legacy_715700
3505,legacy_96734
3506,legacy_war015721
3507,legacy_96653
3508,legacy_715705
3509,legacy_96669
3510,legacy_war015680
3511,legacy_96706
3512,legacy_96683
3513,legacy_war015751
3514,legacy_war015714
3515,legacy_96675
3516,legacy_96739
3517,legacy_96679
3518,legacy_96751
3519,legacy_715708
3520,legacy_96732
3521,legacy_war015724
3522,legacy_96660
3523,legacy_96685
3524,legacy_war015660
3525,legacy_96716
3526,legacy_96703
3527,legacy_96701
3528,legacy_war015734
3529,legacy_war015712
3530,legacy_war015688
3531,legacy_96735
3532,legacy_96745
3533,legacy_96681
3534,legacy_715697
3535,legacy_96731
3536,legacy_96721
3537,legacy_96652
3538,legacy_96686
3539,legacy_96656
3540,legacy_96712
3541,legacy_war015719
3542,legacy_96690
3543,legacy_96744
3544,legacy_war015711
3545,legacy_war015687
3546,legacy_war015749
3547,legacy_96677
3548,legacy_96694
3549,legacy_96651
3550,legacy_96722
3551,legacy_96692
3552,legacy_96654
3553,legacy_96674
3554,legacy_96726
3555,legacy_96709
3556,legacy_96741
3557,legacy_war015722
3558,legacy_96714
3559,legacy_715633
3560,legacy_96691
3561,legacy_war015748
3562,legacy_96678
3563,legacy_96657
3564,legacy_96702
3565,legacy_96723
3566,legacy_96662
3567,legacy_715696
3568,legacy_96680
3569,legacy_96736
3570,legacy_96710
3571,legacy_96713
3572,legacy_96676
3573,legacy_war015725
3574,legacy_war015741
3575,legacy_war015707
3576,legacy_war015737
3577,legacy_96666
3578,legacy_96724
3579,legacy_96693
3580,legacy_96696
3581,legacy_96729
3582,legacy_715706
3583,legacy_war015727
3584,legacy_war015736
3585,legacy_96749
3586,legacy_war015733
3587,legacy_war015717
3588,legacy_96783
3589,legacy_war015764
3590,legacy_96759
3591,legacy_96798
3592,legacy_war015744
3593,legacy_war015796
3594,legacy_96756
3595,legacy_96753
3596,legacy_war015801
3597,legacy_war015805
3598,legacy_war015778
3599,legacy_96769
3600,legacy_war015766
3601,legacy_war015789
3602,legacy_96785
3603,legacy_96795
3604,legacy_96815
3605,legacy_96771
3606,legacy_96779
3607,legacy_96773
3608,legacy_war015763
3609,legacy_war015793
3610,legacy_war015784
3611,legacy_war015759
3612,legacy_96764
3613,legacy_war015774
3614,legacy_96796
3615,legacy_war015788
3616,legacy_96812
3617,legacy_96760
3618,legacy_96770
3619,legacy_96772
3620,legacy_96792
3621,legacy_war015794
3622,legacy_96787
3623,legacy_96790
3624,legacy_war015750
3625,legacy_war015776
3626,legacy_war015790
3627,legacy_96758
3628,legacy_war015811
3629,legacy_96754
3630,legacy_96799
3631,legacy_96766
3632,legacy_96811
3633,legacy_96800
3634,legacy_war015761
3635,legacy_96794
3636,legacy_war015758
3637,legacy_war015754
3638,legacy_war015791
3639,legacy_war015775
3640,legacy_96778
3641,legacy_war015810
3642,legacy_96808
3643,legacy_96755
3644,legacy_96791
3645,legacy_96801
3646,legacy_715742
3647,legacy_96777
3648,legacy_96797
3649,legacy_96817
3650,legacy_96809
3651,legacy_war015781
3652,legacy_96775
3653,legacy_96789
3654,legacy_96767
3655,legacy_war015767
3656,legacy_war015800
3657,legacy_715757
3658,legacy_96806
3659,legacy_96776
3660,legacy_war015808
3661,legacy_96814
3662,legacy_96782
3663,legacy_war015762
3664,legacy_war015785
3665,legacy_war015777
3666,legacy_war015753
3667,legacy_96788
3668,legacy_715772
3669,legacy_96761
3670,legacy_96810
3671,legacy_war015795
3672,legacy_96780
3673,legacy_96765
3674,legacy_96793
3675,legacy_96804
3676,legacy_715760
3677,legacy_war015780
3678,legacy_715663
3679,legacy_96768
3680,legacy_96816
3681,legacy_war015792
3682,legacy_715743
3683,legacy_96813
3684,legacy_96781
3685,legacy_96774
3686,legacy_war015770
3687,legacy_war015787
3688,legacy_war015773
3689,legacy_96802
3690,legacy_96786
3691,legacy_war015783
3692,legacy_715803
3693,legacy_war015752
3694,legacy_96757
3695,legacy_war015756
3696,legacy_96762
3697,legacy_war015786
3698,legacy_war015782
3699,legacy_96807
3700,legacy_96784
3701,legacy_war015806
3702,legacy_96763
3703,legacy_war015779
3704,legacy_96803
3705,legacy_war015807
3706,legacy_war015747
3707,legacy_96805
3708,legacy_96827
3709,legacy_war015844
3710,legacy_war015860
3711,legacy_war015857
3712,legacy_war015863
3713,legacy_war015845
3714,legacy_96834
3715,legacy_war015833
3716,legacy_war015859
3717,legacy_war015837
3718,legacy_war015839
3719,legacy_96862
3720,legacy_96889
3721,legacy_715868
3722,legacy_war015861
3723,legacy_96823
3724,legacy_war015856
3725,legacy_96878
3726,legacy_96870
3727,legacy_96829
3728,legacy_715885
3729,legacy_war015862
3730,legacy_96861
3731,legacy_war015797
3732,legacy_96835
3733,legacy_war015836
3734,legacy_96879
3735,legacy_96868
3736,legacy_war015898
3737,legacy_96873
3738,legacy_war015846
3739,legacy_96828
3740,legacy_war015902
3741,legacy_war015824
3742,legacy_96832
3743,legacy_war015798
3744,legacy_war015881
3745,legacy_96877
3746,legacy_war015835
3747,legacy_96865
3748,legacy_war015875
3749,legacy_10048466
3750,legacy_96881
3751,legacy_96845
3752,legacy_war015834
3753,legacy_96839
3754,legacy_96847
3755,legacy_96826
3756,legacy_war015901
3757,legacy_war015899
3758,legacy_10047036
3759,legacy_96882
3760,legacy_96824
3761,legacy_96849
3762,legacy_war015828
3763,legacy_war015867
3764,legacy_715884
3765,legacy_war015818
3766,legacy_96885
3767,legacy_war015900
3768,legacy_10048461
3769,legacy_war015840
3770,legacy_war015841
3771,legacy_96833
3772,legacy_715889
3773,legacy_war015850
3774,legacy_war015878
3775,legacy_96874
3776,legacy_96821
3777,legacy_96871
3778,legacy_war015799
3779,legacy_96858
3780,legacy_96864
3781,legacy_war015873
3782,legacy_10048477
3783,legacy_war015903
3784,legacy_war015832
3785,legacy_96884
3786,legacy_war015858
3787,legacy_war015854
3788,legacy_10047702
3789,legacy_war015864
3790,legacy_96836
3791,legacy_715892
3792,legacy_96883
3793,legacy_war015842
3794,legacy_96819
3795,legacy_war015855
3796,legacy_war015813
3797,legacy_96860
3798,legacy_war015874
3799,legacy_96867
3800,legacy_96838
3801,legacy_war015893
3802,legacy_war015831
3803,legacy_715883
3804,legacy_10049043
3805,legacy_war015838
3806,legacy_96875
3807,legacy_10048182
3808,legacy_96844
3809,legacy_96830
3810,legacy_war015823
3811,legacy_war015882
3812,legacy_715886
3813,legacy_war015877
3814,legacy_war015843
3815,legacy_war015814
3816,legacy_96852
3817,legacy_96872
3818,legacy_96840
3819,legacy_715896
3820,legacy_war015815
3821,legacy_war015830
3822,legacy_96876
3823,legacy_10048976
3824,legacy_10047464
3825,legacy_96825
3826,legacy_war015879
3827,legacy_war015870
3828,legacy_96857
3829,legacy_war015895
3830,legacy_96863
3831,legacy_war015812
3832,legacy_96842
3833,legacy_10048477
3834,legacy_96888
3835,legacy_96887
3836,legacy_96859
3837,legacy_war015825
3838,legacy_10045928
3839,legacy_10047762
3840,legacy_war015822
3841,legacy_96848
3842,legacy_war015876
3843,legacy_96843
3844,legacy_96841
3845,legacy_war015904
3846,legacy_96869
3847,legacy_96818
3848,legacy_10048477
3849,legacy_96880
3850,legacy_96850
3851,legacy_war015829
3852,legacy_war015872
3853,legacy_96866
3854,legacy_war015848
3855,legacy_war015866
3856,legacy_war015827
3857,legacy_10047464
3858,legacy_10049043
3859,legacy_715888
3860,legacy_96822
3861,legacy_10048477
3862,legacy_war015869
3863,legacy_96837
3864,legacy_96854
3865,legacy_war015817
3866,legacy_96855
3867,legacy_war015871
3868,legacy_96820
3869,legacy_10049043
3870,legacy_10048584
3871,legacy_96886
3872,legacy_war015906
3873,legacy_96856
3874,legacy_war015847
3875,legacy_war015826
3876,legacy_96853
3877,legacy_715816
3878,legacy_10049043
3879,legacy_10049240
3880,legacy_715887
3881,legacy_war015865
3882,legacy_96831
3883,legacy_96851
3884,legacy_10048349
3885,legacy_10049043
3886,legacy_96846
3887,legacy_10049043
3888,legacy_10048379
3889,legacy_war015938
3890,legacy_10049252
3891,legacy_10049239
3892,legacy_10049468
3893,legacy_10048281
3894,legacy_10047995
3895,legacy_10049436
3896,legacy_10048434
3897,legacy_10049169
3898,legacy_10048655
3899,legacy_10047757
3900,legacy_10049544
3901,legacy_10048060
3902,legacy_10048366
3903,legacy_war015921
3904,legacy_war015912
3905,legacy_10048537
3906,legacy_10049163
3907,legacy_10048344
3908,legacy_10048654
3909,legacy_10048655
3910,legacy_10049633
3911,legacy_10049290
3912,legacy_10047861
3913,legacy_10046268
3914,legacy_war015935
3915,legacy_10048235
3916,legacy_10049437
3917,legacy_10048627
3918,legacy_10047752
3919,legacy_10049248
3920,legacy_10046268
3921,legacy_10047915
3922,legacy_10049097
3923,legacy_10048340
3924,legacy_10049374
3925,legacy_10048349
3926,legacy_10049441
3927,legacy_war015927
3928,legacy_10048052
3929,legacy_10049107
3930,legacy_10049239
3931,legacy_10048986
3932,legacy_10049300
3933,legacy_10048968
3934,legacy_10049643
3935,legacy_war015916
3936,legacy_10049257
3937,legacy_war015937
3938,legacy_10049495
3939,legacy_10048376
3940,legacy_10048349
3941,legacy_10049466
3942,legacy_10048054
3943,legacy_10049234
3944,legacy_10048781
3945,legacy_10048234
3946,legacy_10049043
3947,legacy_war015926
3948,legacy_10048921
3949,legacy_10049300
3950,legacy_10049621
3951,legacy_10049440
3952,legacy_10048434
3953,legacy_10048377
3954,legacy_10049401
3955,legacy_10047752
3956,legacy_10048184
3957,legacy_10048735
3958,legacy_war015920
3959,legacy_10047998
3960,legacy_10047908
3961,legacy_war015930
3962,legacy_10048219
3963,legacy_10049619
3964,legacy_10049326
3965,legacy_10048763
3966,legacy_10049592
3967,legacy_10049258
3968,legacy_10048175
3969,legacy_10048263
3970,legacy_10049296
3971,legacy_10048088
3972,legacy_10049401
3973,legacy_war015923
3974,legacy_10048345
3975,legacy_10048416
3976,legacy_10048364
3977,legacy_10049592
3978,legacy_10048364
3979,legacy_10047999
3980,legacy_10048879
3981,legacy_10048171
3982,legacy_10048664
3983,legacy_war015918
3984,legacy_war015922
3985,legacy_10049570
3986,legacy_10049187
3987,legacy_10048001
3988,legacy_10048763
3989,legacy_10047882
3990,legacy_war015910
3991,legacy_10049043
3992,legacy_10048364
3993,legacy_war015929
3994,legacy_10048236
3995,legacy_10047999
3996,legacy_10048970
3997,legacy_10049242
3998,legacy_10048534
3999,legacy_10048627
4000,legacy_10047035
4001,legacy_10049264
4002,legacy_10049592
4003,legacy_10048005
4004,legacy_10048986
4005,legacy_war015913
4006,legacy_war015928
4007,legacy_10048434
4008,legacy_10047306
4009,legacy_10048943
4010,legacy_10049163
4011,legacy_10049244
4012,legacy_10049204
4013,legacy_10048309
4014,legacy_10048483
4015,legacy_10049646
4016,legacy_10048005
4017,legacy_10048987
4018,legacy_10047996
4019,legacy_10048986
4020,legacy_10048764
4021,legacy_10048258
4022,legacy_10049296
4023,legacy_war015911
4024,legacy_10049245
4025,legacy_10048472
4026,legacy_10048537
4027,legacy_10048595
4028,legacy_10047976
4029,legacy_10048755
4030,legacy_10049592
4031,legacy_war015919
4032,legacy_10048233
4033,legacy_10049592
4034,legacy_war015917
4035,legacy_10048347
4036,legacy_war015914
4037,legacy_war015907
4038,legacy_war016005
4039,legacy_war015996
4040,legacy_war015931
4041,legacy_96940
4042,legacy_96892
4043,legacy_96920
4044,legacy_war015984
4045,legacy_war015978
4046,legacy_war016042
4047,legacy_war016017
4048,legacy_war015963
4049,legacy_war015949
4050,legacy_war015994
4051,legacy_96893
4052,legacy_715946
4053,legacy_96932
4054,legacy_war016028
4055,legacy_war015934
4056,legacy_war015959
4057,legacy_96953
4058,legacy_96917
4059,legacy_96895
4060,legacy_war015989
4061,legacy_96943
4062,legacy_war016004
4063,legacy_96925
4064,legacy_96912
4065,legacy_war015947
4066,legacy_96906
4067,legacy_war015970
4068,legacy_war015966
4069,legacy_war015997
4070,legacy_96941
4071,legacy_96909
4072,legacy_war015950
4073,legacy_war015986
4074,legacy_96927
4075,legacy_96899
4076,legacy_96945
4077,legacy_96901
4078,legacy_war015999
4079,legacy_war016016
4080,legacy_715945
4081,legacy_war015942
4082,legacy_war015958
4083,legacy_715954
4084,legacy_96919
4085,legacy_96952
4086,legacy_war015968
4087,legacy_war015977
4088,legacy_war015940
4089,legacy_715943
4090,legacy_96944
4091,legacy_96935
4092,legacy_war016009
4093,legacy_war015952
4094,legacy_96896
4095,legacy_war015985
4096,legacy_96936
4097,legacy_96908
4098,legacy_war015992
4099,legacy_96939
4100,legacy_96913
4101,legacy_716008
4102,legacy_war016035
4103,legacy_war016000
4104,legacy_war015962
4105,legacy_war016026
4106,legacy_war015972
4107,legacy_war015932
4108,legacy_war015821
4109,legacy_96934
4110,legacy_96926
4111,legacy_war015982
4112,legacy_96903
4113,legacy_96924
4114,legacy_war015957
4115,legacy_96956
4116,legacy_war016012
4117,legacy_96914
4118,legacy_war016002
4119,legacy_war015990
4120,legacy_96949
4121,legacy_715941
4122,legacy_96900
4123,legacy_war015965
4124,legacy_war015975
4125,legacy_96938
4126,legacy_war016023
4127,legacy_96918
4128,legacy_war015987
4129,legacy_war016006
4130,legacy_96902
4131,legacy_96942
4132,legacy_96946
4133,legacy_war015880
4134,legacy_war015933
4135,legacy_715955
4136,legacy_96910
4137,legacy_96904
4138,legacy_war016015
4139,legacy_war015991
4140,legacy_96921
4141,legacy_war015961
4142,legacy_war015988
4143,legacy_96933
4144,legacy_96954
4145,legacy_96905
4146,legacy_war015971
4147,legacy_96950
4148,legacy_war015956
4149,legacy_war016010
4150,legacy_716007
4151,legacy_96922
4152,legacy_war015939
4153,legacy_96948
4154,legacy_war015951
4155,legacy_war016024
4156,legacy_war016003
4157,legacy_war015980
4158,legacy_96947
4159,legacy_war015967
4160,legacy_96929
4161,legacy_96891
4162,legacy_war016011
4163,legacy_war015973
4164,legacy_war015995
4165,legacy_96894
4166,legacy_war016001
4167,legacy_715936
4168,legacy_96930
4169,legacy_96911
4170,legacy_715944
4171,legacy_war015981
4172,legacy_war016040
4173,legacy_96955
4174,legacy_96923
4175,legacy_96931
4176,legacy_war015960
4177,legacy_96951
4178,legacy_96898
4179,legacy_96897
4180,legacy_war015998
4181,legacy_war015976
4182,legacy_715953
4183,legacy_96916
4184,legacy_war015983
4185,legacy_96915
4186,legacy_war016041
4187,legacy_war015948
4188,legacy_96928
4189,legacy_war015964
4190,legacy_war016014
4191,legacy_96890
4192,legacy_war015993
4193,legacy_war015979
4194,legacy_96907
4195,legacy_96937
4196,legacy_war015969
4197,legacy_war015974
4198,legacy_war016027
4199,legacy_97051
4200,legacy_716044
4201,legacy_97003
4202,legacy_96972
4203,legacy_97015
4204,legacy_war016106
4205,legacy_97040
4206,legacy_97014
4207,legacy_96997
4208,legacy_96996
4209,legacy_716216
4210,legacy_716123
4211,legacy_war016115
4212,legacy_96968
4213,legacy_96982
4214,legacy_97031
4215,legacy_war016030
4216,legacy_war016034
4217,legacy_716103
4218,legacy_97056
4219,legacy_97043
4220,legacy_96991
4221,legacy_96979
4222,legacy_97023
4223,legacy_716118
4224,legacy_96998
4225,legacy_war016122
4226,legacy_war016126
4227,legacy_war016033
4228,legacy_96977
4229,legacy_97012
4230,legacy_96969
4231,legacy_716045
4232,legacy_war016109
4233,legacy_war016097
4234,legacy_96999
4235,legacy_97047
4236,legacy_97002
4237,legacy_97038
4238,legacy_96978
4239,legacy_97053
4240,legacy_97017
4241,legacy_96993
4242,legacy_96963
4243,legacy_war016121
4244,legacy_war016057
4245,legacy_96976
4246,legacy_war016132
4247,legacy_97030
4248,legacy_war016107
4249,legacy_96958
4250,legacy_97045
4251,legacy_war016104
4252,legacy_716119
4253,legacy_97007
4254,legacy_war016081
4255,legacy_97001
4256,legacy_97055
4257,legacy_96957
4258,legacy_war016058
4259,legacy_97036
4260,legacy_97011
4261,legacy_war016116
4262,legacy_96975
4263,legacy_97028
4264,legacy_war016046
4265,legacy_97062
4266,legacy_97022
4267,legacy_716124
4268,legacy_96967
4269,legacy_war016096
4270,legacy_war016019
4271,legacy_97000
4272,legacy_716048
4273,legacy_97008
4274,legacy_war016029
4275,legacy_97018
4276,legacy_97058
4277,legacy_war016110
4278,legacy_96974
4279,legacy_96992
4280,legacy_97044
4281,legacy_97027
4282,legacy_war016127
4283,legacy_97061
4284,legacy_97025
4285,legacy_96966
4286,legacy_war016095
4287,legacy_716047
4288,legacy_war016032
4289,legacy_96989
4290,legacy_97037
4291,legacy_97005
4292,legacy_war016037
4293,legacy_97060
4294,legacy_96971
4295,legacy_716086
4296,legacy_war016117
4297,legacy_97026
4298,legacy_97057
4299,legacy_97049
4300,legacy_97024
4301,legacy_war016131
4302,legacy_war016050
4303,legacy_96961
4304,legacy_war016031
4305,legacy_war016108
4306,legacy_war016101
4307,legacy_97010
4308,legacy_97041
4309,legacy_96988
4310,legacy_96973
4311,legacy_97039
4312,legacy_96983
4313,legacy_96994
4314,legacy_war016113
4315,legacy_97019
4316,legacy_97033
4317,legacy_716049
4318,legacy_97021
4319,legacy_97054
4320,legacy_war016090
4321,legacy_96962
4322,legacy_96960
4323,legacy_97046
4324,legacy_97009
4325,legacy_war016105
4326,legacy_97063
4327,legacy_96984
4328,legacy_96987
4329,legacy_96995
4330,legacy_war016060
4331,legacy_war016120
4332,legacy_716056
4333,legacy_97032
4334,legacy_97034
4335,legacy_96964
4336,legacy_97013
4337,legacy_war016089
4338,legacy_97042
4339,legacy_97059
4340,legacy_96959
4341,legacy_97048
4342,legacy_96990
4343,legacy_war016087
4344,legacy_97006
4345,legacy_96981
4346,legacy_96985
4347,legacy_war016125
4348,legacy_96980
4349,legacy_97035
4350,legacy_97020
4351,legacy_war016091
4352,legacy_97052
4353,legacy_96965
4354,legacy_97004
4355,legacy_war016098
4356,legacy_96986
4357,legacy_war016018
4358,legacy_war016039
4359,legacy_war016114
4360,legacy_war016059
4361,legacy_97016
4362,legacy_97029
4363,legacy_war016092
4364,legacy_97050
4365,legacy_96970
4366,legacy_war016102
4367,legacy_war016038
4368,legacy_97110
4369,legacy_98021
4370,legacy_war016225
4371,legacy_war016229
4372,legacy_97135
4373,legacy_97069
4374,legacy_97107
4375,legacy_97129
4376,legacy_97117
4377,legacy_97127
4378,legacy_97136
4379,legacy_war016069
4380,legacy_97137
4381,legacy_97147
4382,legacy_97077
4383,legacy_97149
4384,legacy_97109
4385,legacy_war016193
4386,legacy_97079
4387,legacy_war016226
4388,legacy_97105
4389,legacy_war016202
4390,legacy_97124
4391,legacy_97141
4392,legacy_97065
4393,legacy_97106
4394,legacy_97139
4395,legacy_97108
4396,legacy_716222
4397,legacy_war016071
4398,legacy_war016128
4399,legacy_97073
4400,legacy_war016232
4401,legacy_97128
4402,legacy_war016192
4403,legacy_97160
4404,legacy_97097
4405,legacy_97103
4406,legacy_97155
4407,legacy_97111
4408,legacy_war016240
4409,legacy_war016208
4410,legacy_716217
4411,legacy_97075
4412,legacy_97134
4413,legacy_war016073
4414,legacy_97130
4415,legacy_97080
4416,legacy_war016062
4417,legacy_97093
4418,legacy_97102
4419,legacy_97163
4420,legacy_97112
4421,legacy_97118
4422,legacy_716233
4423,legacy_98024
4424,legacy_97126
4425,legacy_war016213
4426,legacy_97140
4427,legacy_97131
4428,legacy_97076
4429,legacy_war016215
4430,legacy_97090
4431,legacy_97095
4432,legacy_97072
4433,legacy_war016064
4434,legacy_97096
4435,legacy_97159
4436,legacy_war016133
4437,legacy_97143
4438,legacy_716243
4439,legacy_97119
4440,legacy_war016212
4441,legacy_97125
4442,legacy_war016227
4443,legacy_97064
4444,legacy_97104
4445,legacy_97100
4446,legacy_97094
4447,legacy_war016074
4448,legacy_97078
4449,legacy_war016245
4450,legacy_97157
4451,legacy_war016068
4452,legacy_97115
4453,legacy_716244
4454,legacy_war016205
4455,legacy_97138
4456,legacy_war016221
4457,legacy_war016220
4458,legacy_97074
4459,legacy_97113
4460,legacy_97123
4461,legacy_97089
4462,legacy_war016235
4463,legacy_97084
4464,legacy_97161
4465,legacy_97091
4466,legacy_war016191
4467,legacy_war016067
4468,legacy_97133
4469,legacy_97120
4470,legacy_war016209
4471,legacy_97148
4472,legacy_97099
4473,legacy_war016094
4474,legacy_war016236
4475,legacy_97088
4476,legacy_war016190
4477,legacy_97068
4478,legacy_97081
4479,legacy_97162
4480,legacy_97092
4481,legacy_war016228
4482,legacy_97101
4483,legacy_97132
4484,legacy_war016210
4485,legacy_war016214
4486,legacy_97144
4487,legacy_war016093
4488,legacy_97142
4489,legacy_war016201
4490,legacy_war016134
4491,legacy_97082
4492,legacy_97150
4493,legacy_war016063
4494,legacy_97085
4495,legacy_97114
4496,legacy_97122
4497,legacy_war016211
4498,legacy_97146
4499,legacy_97070
4500,legacy_97087
4501,legacy_97116
4502,legacy_97098
4503,legacy_97083
4504,legacy_war016065
4505,legacy_97156
4506,legacy_war016203
4507,legacy_war016072
4508,legacy_97145
4509,legacy_97086
4510,legacy_97071
4511,legacy_war016204
4512,legacy_97158
4513,legacy_97066
4514,legacy_war016070
4515,legacy_97121
4516,legacy_97154
4517,legacy_97067
4518,legacy_war016260
4519,legacy_97153
4520,legacy_10049634
4521,legacy_97168
4522,legacy_97169
4523,legacy_war016272
4524,legacy_war016250
4525,legacy_10051644
4526,legacy_10050240
4527,legacy_10050777
4528,legacy_10051254
4529,legacy_war016200
4530,legacy_10050626
4531,legacy_war016251
4532,legacy_10051646
4533,legacy_97172
4534,legacy_10051403
4535,legacy_97176
4536,legacy_10049634
4537,legacy_10051646
4538,legacy_10049882
4539,legacy_war016310
4540,legacy_10049745
4541,legacy_war016261
4542,legacy_10050484
4543,legacy_war016252
4544,legacy_10051254
4545,legacy_war016330
4546,legacy_war016237
4547,legacy_10050625
4548,legacy_10051194
4549,legacy_97180
4550,legacy_war016199
4551,legacy_10051662
4552,legacy_10050624
4553,legacy_10049685
4554,legacy_10051178
4555,legacy_war016313
4556,legacy_war016253
4557,legacy_10049468
4558,legacy_97173
4559,legacy_10051373
4560,legacy_war016276
4561,legacy_97166
4562,legacy_10051165
4563,legacy_10051164
4564,legacy_10051663
4565,legacy_97164
4566,legacy_10051658
4567,legacy_10050624
4568,legacy_war016314
4569,legacy_10049746
4570,legacy_10050236
4571,legacy_97171
4572,legacy_war016263
4573,legacy_10050391
4574,legacy_10051254
4575,legacy_97152
4576,legacy_10049678
4577,legacy_10049685
4578,legacy_10050288
4579,legacy_97174
4580,legacy_10049746
4581,legacy_10050624
4582,legacy_10049745
4583,legacy_97170
4584,legacy_war016249
4585,legacy_10051645
4586,legacy_10051167
4587,legacy_10049655
4588,legacy_war016326
4589,legacy_97151
4590,legacy_10051254
4591,legacy_10049694
4592,legacy_war016265
4593,legacy_war016207
4594,legacy_10048349
4595,legacy_97178
4596,legacy_10050456
4597,legacy_war016309
4598,legacy_10050822
4599,legacy_10049634
4600,legacy_war016274
4601,legacy_10050391
4602,legacy_war016262
4603,legacy_10050240
4604,legacy_10047383
4605,legacy_war016239
4606,legacy_10049746
4607,legacy_10051254
4608,legacy_10050603
4609,legacy_97181
4610,legacy_10050412
4611,legacy_10048349
4612,legacy_10051399
4613,legacy_97165
4614,legacy_war016218
4615,legacy_10051661
4616,legacy_10050391
4617,legacy_10050391
4618,legacy_10051656
4619,legacy_10050624
4620,legacy_10051254
4621,legacy_10050624
4622,legacy_97177
4623,legacy_10049745
4624,legacy_10048349
4625,legacy_war016206
4626,legacy_10049524
4627,legacy_10051715
4628,legacy_war016329
4629,legacy_10050245
4630,legacy_10050391
4631,legacy_10051254
4632,legacy_10051163
4633,legacy_10050624
4634,legacy_97179
4635,legacy_97167
4636,legacy_10048930
4637,legacy_10050468
4638,legacy_10049833
4639,legacy_war016328
4640,legacy_10051388
4641,legacy_10050097
4642,legacy_10050296
4643,legacy_10051254
4644,legacy_97175
4645,legacy_10050624
4646,legacy_10049802
4647,legacy_war016320
4648,legacy_war016327
4649,legacy_10050292
4650,legacy_10051399
4651,legacy_10050160
4652,legacy_10049892
4653,legacy_10051613
4654,legacy_10050624
4655,legacy_10051165
4656,legacy_10051660
4657,legacy_10049634
